{
  "n_queries_evaluated": 4356,
  "K_list": [
    1,
    3,
    5,
    10
  ],
  "weights": {
    "title": 0.6,
    "scope": 0.3,
    "category": 0.1
  },
  "methods_summary": {
    "title": {
      "accuracy_top1": 0.5456841138659321,
      "recall_at_k": {
        "1": 0.5456841138659321,
        "3": 0.7134986225895317,
        "5": 0.778236914600551,
        "10": 0.849862258953168
      }
    },
    "title_scope": {
      "accuracy_top1": 0.7741046831955923,
      "recall_at_k": {
        "1": 0.7741046831955923,
        "3": 0.9155188246097337,
        "5": 0.9471992653810836,
        "10": 0.9733700642791552
      }
    },
    "title_scope_cat": {
      "accuracy_top1": 0.8181818181818182,
      "recall_at_k": {
        "1": 0.8181818181818182,
        "3": 0.9325068870523416,
        "5": 0.95821854912764,
        "10": 0.9788797061524335
      }
    },
    "title_scope_cat_filter": {
      "accuracy_top1": 1.0,
      "recall_at_k": {
        "1": 1.0,
        "3": 1.0,
        "5": 1.0,
        "10": 1.0
      }
    }
  }
}